dataset_id,dataset_name,domain,last_refresh_ts,refresh_frequency,certified_flag,source_system,row_count,field_count,key_fields,dataset_health,primary_use_cases,connected_reports,data_owner,migration_readiness,pii_flag,downstream_systems,schema_tables_count,null_rate,duplication_rate,migration_target_recommendation,migration_recommendation_reason,storage_type
DS-001,SU&G Sales Transactions,Sales,2025-04-29T06:15:00.000Z,Hourly,true,BigQuery,1820000,25,[object Object],[object Object],[object Object],[object Object],[object Object],[object Object],[object Object],[object Object],[object Object],[object Object],[object Object],Sales performance analysis,Territory take rate tracking,Outlet scoring,[object Object],[object Object],[object Object],[object Object],Sarah Johnson (Sales Analytics),[object Object],false,Salesforce,Tableau,Finance DW,4,0.018,0.0008,BigQuery,Optimal for high-frequency transactional data; BigQuery's streaming inserts match hourly refresh cadence,Data Warehouse
DS-002,Customer Feedback & RIS,Customer Experience,2025-04-29T08:00:00.000Z,Daily,true,BigQuery,1240000,30,[object Object],[object Object],[object Object],[object Object],[object Object],[object Object],[object Object],[object Object],[object Object],CX dashboard,Churn risk scoring,NPS trend analysis,[object Object],[object Object],[object Object],Michael Chen (CX Insights),[object Object],true,BigQuery,Zendesk,Qualtrics,2,0.009,0.0004,BigQuery,Strong PII compliance tooling; CMEK and VPC-SC controls align with data privacy requirements,Data Lake
DS-003,Returns & Exchanges,Operations,2025-04-28T23:00:00.000Z,Daily,true,BigQuery,610000,22,[object Object],[object Object],[object Object],[object Object],[object Object],[object Object],[object Object],[object Object],Return rate analysis,AARD rate tracking,Root cause analysis,[object Object],[object Object],Jessica Martinez (Operations),[object Object],false,BigQuery,Operations Portal,2,0.048,0.0019,BigQuery,Seamless Google Cloud integration; cost-effective for analytical workloads,Data Warehouse
DS-004,Market & Territory Master,Geography,2025-04-23T10:00:00.000Z,Weekly,false,Hadoop,120000,16,[object Object],[object Object],[object Object],[object Object],[object Object],[object Object],[object Object],Territory analysis,Market segmentation,Geo targeting,[object Object],[object Object],Robert Lee (Strategy & Planning),[object Object],false,Hadoop,Strategy Portal,GIS Tool,5,0.142,0.009,Hadoop,Retain on Hadoop until data quality issues resolved; complex spatial joins best handled natively,Data Lake
DS-005,Financial Planning Data,Finance,2025-04-28T19:00:00.000Z,Daily,true,Teradata,2340000,42,[object Object],[object Object],[object Object],[object Object],[object Object],[object Object],[object Object],[object Object],[object Object],Revenue forecasting,P&L reporting,Budget tracking,[object Object],[object Object],David Thompson (Finance),[object Object],false,Teradata,Finance Portal,SAP,Board Reporting Tool,9,0.027,0.0007,Teradata,Retain Teradata for complex financial joins until SAP integration is decoupled,Lakehouse
DS-006,Network Site Performance,Network,2025-04-29T09:00:00.000Z,Hourly,true,BigQuery,4800000,18,[object Object],[object Object],[object Object],[object Object],[object Object],[object Object],[object Object],[object Object],[object Object],[object Object],Network health monitoring,Site remediation prioritization,Coverage planning,[object Object],Alex Rivera (Network Operations),[object Object],false,BigQuery,NOC Dashboard,OSS Platform,2,0.004,0.0002,BigQuery,High-volume time-series data; BigQuery partitioned tables provide optimal cost and query performance,Data Warehouse
DS-007,Contact Center Interactions,Operations,2025-04-29T05:30:00.000Z,Daily,true,BigQuery,1560000,28,[object Object],[object Object],[object Object],[object Object],[object Object],[object Object],[object Object],[object Object],[object Object],[object Object],Agent performance monitoring,Workforce optimization,Quality assurance,[object Object],Jessica Martinez (Operations),[object Object],true,BigQuery,Workforce Management,QA Platform,3,0.031,0.0011,BigQuery,Existing BigQuery infrastructure — migration is a schema-level reorganization, not platform shift,Data Warehouse
DS-008,Outlet Metadata & Attributes,Geography,2025-04-16T00:00:00.000Z,Monthly,true,BigQuery,52000,16,[object Object],[object Object],[object Object],[object Object],[object Object],[object Object],[object Object],[object Object],[object Object],Outlet analysis,Territory segmentation,Capacity planning,[object Object],[object Object],Sarah Johnson (Sales Analytics),[object Object],false,BigQuery,Geography Portal,Workforce Management,2,0.072,0.0028,BigQuery,,Data Warehouse
DS-009,Employee & HR Data,People & Culture,2025-04-28T12:00:00.000Z,Weekly,true,Teradata,18000,35,[object Object],[object Object],[object Object],[object Object],[object Object],[object Object],[object Object],[object Object],Engagement tracking,Retention risk modeling,Manager effectiveness,[object Object],Lisa Park (People Analytics),[object Object],true,Teradata,Workday,Benefits Portal,6,0.041,0.0014,BigQuery,BigQuery supports required PII tokenization and access-controlled datasets for HR data,Lakehouse
DS-010,Accessory Sales Detailed,Sales,2025-04-29T07:30:00.000Z,Hourly,false,BigQuery,920000,22,[object Object],[object Object],[object Object],[object Object],[object Object],[object Object],[object Object],[object Object],Accessory attach rate analysis,Merchandise planning,Revenue optimization,[object Object],[object Object],Sarah Johnson (Sales Analytics),[object Object],false,BigQuery,Tableau,Merchandising Portal,2,0.024,0.0009,BigQuery,,Data Warehouse