month_id,territory_id,sug_revenue,run_rate,take_rate_pct,aard_pct,return_rate_pct,ris_pct,month_name
202411,T-001,753948.46,10115326.85,70.18,24.71,3.41,90.9,Nov
202411,T-002,955535.77,10405158.2,62.63,27.66,4.69,88.28,Nov
202411,T-003,826268.64,10187585.51,54.1,27.56,4.93,83.61,Nov
202411,T-004,791606.03,10049686.85,62.12,26.93,4.08,89.93,Nov
202411,T-005,916350.67,11515273.7,63.83,28.51,4.73,88.27,Nov
202411,T-006,915352.6,9396301.49,62.36,25.62,3.49,91.15,Nov
202411,T-007,855790.76,10895639.76,55.13,26.85,4.93,85.89,Nov
202411,T-008,941163.78,10780513.66,59.59,28.41,4.28,87.38,Nov
202411,T-009,827792.48,10695737.56,71.81,20.8,3.48,93.53,Nov
202411,T-010,858517.88,9426592.28,67.13,24.7,3.1,92.68,Nov
202411,T-011,959996.8,10074594.36,61.7,26.09,3.98,86.28,Nov
202411,T-012,896860.07,10075453.25,59.14,29.38,4.21,87.6,Nov
202411,T-013,869361.14,9982660.86,68.83,25.33,3.29,88.59,Nov
202411,T-014,782506.72,10943693.67,65.78,23.78,3.71,90.99,Nov
202411,T-015,849438.26,11246275.95,59.23,26.07,4.69,87.61,Nov
202411,T-016,680999.57,10120035.99,64.48,25.2,3.5,92.32,Nov
202411,T-017,885151.69,10162279.1,65.27,24.2,3.87,88.62,Nov
202411,T-018,924680.55,10576180.44,58.95,29.1,4.31,85.57,Nov
202411,T-019,845569.87,8954237.38,62.4,26.76,3.72,87.2,Nov
202411,T-020,912028.08,9312147.1,50.2,30.49,5.09,82.43,Nov
202412,T-001,801446.05,10766742.52,68.2,24.18,2.92,91.71,Dec
202412,T-002,963143.64,9317984.97,59.58,29.16,4.06,88.09,Dec
202412,T-003,821702.13,10445566.46,55.97,28.17,4.96,84.35,Dec
202412,T-004,973998.89,10934630.9,62.7,26.02,3.51,88.4,Dec
202412,T-005,929900.97,10185278.83,59.97,29.7,4.59,88.35,Dec
202412,T-006,942120.28,11011719.26,63.11,25.22,3.75,91.35,Dec
202412,T-007,887164.68,10896939.26,54.4,29.9,4.68,86.07,Dec
202412,T-008,819064.79,12171292.93,59.99,30.19,4.35,86.71,Dec
202412,T-009,954034.42,11207208.42,70.29,24.07,2.77,94.49,Dec
202412,T-010,891642.82,10719426.41,67.48,22.09,2.75,92.64,Dec
202412,T-011,856760.88,12384739.05,61.67,29.71,3.93,88.29,Dec
202412,T-012,870239.48,10155814.18,57.92,28.1,4.39,88.64,Dec
202412,T-013,951256.85,10474233.49,68.05,23.9,3.14,90.13,Dec
202412,T-014,802733.82,9929464.51,64.49,25.25,3.49,91.27,Dec
202412,T-015,866899.28,10465794,57.8,27.09,4.55,87.25,Dec
202412,T-016,888281.15,10405129.24,63.71,22.39,3.43,91.37,Dec
202412,T-017,876367.26,9874947.82,64.82,25.06,3.96,86.87,Dec
202412,T-018,891765.09,10449467.44,59.41,29.84,4.35,87.24,Dec
202412,T-019,927179.81,9847107.64,63.37,27.36,5.03,85.01,Dec
202412,T-020,792693.85,9343143.56,54.5,30.25,5.68,83.48,Dec
202501,T-001,925492.01,11606383.39,67.87,25.25,3.35,93,Jan
202501,T-002,859773.57,10232104.43,61.12,27.86,4.75,87.92,Jan
202501,T-003,958352.28,10769682.75,54.97,26.4,4.86,86.07,Jan
202501,T-004,870061.25,9691086.8,64.17,28.72,3.97,89.3,Jan
202501,T-005,834871.1,10219238.34,65.01,28.71,4.35,86.38,Jan
202501,T-006,875863.99,9268983.5,67.34,24.94,3.22,91.09,Jan
202501,T-007,838246.38,11248090.97,60.61,30.13,4.76,85.21,Jan
202501,T-008,853965.9,10231996.66,60.54,28.56,4.65,88.22,Jan
202501,T-009,963424.94,9692268.12,69.91,20.13,2.51,91.75,Jan
202501,T-010,857508.64,10673538.71,70.79,23.36,3.1,91.19,Jan
202501,T-011,953810.47,10532518.66,58.15,27.03,4.09,91.54,Jan
202501,T-012,938738.24,9945033.98,55.69,29.48,4.31,88.62,Jan
202501,T-013,916905.11,10131106.55,70.58,22.11,2.98,89.18,Jan
202501,T-014,967650.47,9636015.83,62.51,24.79,3.64,89.09,Jan
202501,T-015,888936.4,9591287.43,62.13,26.31,4.27,86.14,Jan
202501,T-016,875041.48,11447499.68,64.81,26.65,3.09,90.7,Jan
202501,T-017,877453.14,10198380.94,62.22,26.79,3.71,88.3,Jan
202501,T-018,916882.2,8749999.55,58.64,27.24,4.22,87.08,Jan
202501,T-019,964900.26,10521605.2,62.49,25.91,4.26,86.46,Jan
202501,T-020,919044.13,9400696.18,49.81,32.52,5.03,83.76,Jan
202502,T-001,892195.89,11027614.9,66.23,25.39,3.11,90.1,Feb
202502,T-002,969686.11,10213853.05,64.4,26.28,4.23,88.05,Feb
202502,T-003,838317.01,10256367.84,56.96,27.01,5.14,86.07,Feb
202502,T-004,926651.29,11880970.16,64.93,26.66,4.03,88.41,Feb
202502,T-005,905968.75,10858480.43,65.61,26.48,4.45,89.03,Feb
202502,T-006,903919.28,11817334.24,63.81,24.69,3.54,90.26,Feb
202502,T-007,973927.46,12356698.63,59.38,28.57,4.4,83.79,Feb
202502,T-008,962848.41,11035447.99,63.23,31.02,4.25,85.42,Feb
202502,T-009,839862.51,11176757.33,69.94,18.95,2.47,94.44,Feb
202502,T-010,860187.32,11369046.6,69.95,23.65,2.86,91.29,Feb
202502,T-011,972956.45,10619399.26,64.31,24.71,4.13,88.16,Feb
202502,T-012,890201.1,9616748.66,59.46,27.86,4.04,85.01,Feb
202502,T-013,896915.73,10213974.4,68.48,19.18,3.14,90.22,Feb
202502,T-014,831794.06,10389501.79,65.45,23.71,3.78,91.09,Feb
202502,T-015,734086.62,10957024.98,57.7,27.47,4.29,87.84,Feb
202502,T-016,965587.79,10768945.89,62.61,25.66,3.37,90.46,Feb
202502,T-017,949518.32,10952033.65,63.05,24.67,3.99,90.42,Feb
202502,T-018,847127.19,11891744.63,60.18,27.76,4.62,87.56,Feb
202502,T-019,980374.58,12054337.37,59.83,25.95,3.93,85.83,Feb
202502,T-020,846668.17,10602033.05,51.2,30.48,5.27,81.32,Feb
202503,T-001,1007976.64,10483624.52,69.48,24.59,3.64,92.57,Mar
202503,T-002,811047.82,12662272.82,58.38,27.37,4.52,88.63,Mar
202503,T-003,843360.44,10032376.02,58.79,30.65,4.62,85.51,Mar
202503,T-004,975476.53,11070286.5,62.26,25.02,3.1,90.68,Mar
202503,T-005,963911.94,12018518.54,61.89,28.58,3.75,87.55,Mar
202503,T-006,838157.5,11006525.48,64.43,29.16,3.46,89.35,Mar
202503,T-007,877237.21,11978527.32,56.71,32.09,4.73,86.09,Mar
202503,T-008,815535.92,11234047.87,61.03,28.98,5.02,86.05,Mar
202503,T-009,896772.85,10647062.2,71.91,19.82,2.74,93.2,Mar
202503,T-010,861252.53,12535384.95,70.92,23.89,3.06,92.84,Mar
202503,T-011,923136.26,11295568.97,61.14,29.09,4.24,87.99,Mar
202503,T-012,879304.71,11492314.86,60.26,29.82,4.25,88.68,Mar
202503,T-013,949275.54,10418803.31,70.94,25.16,3.55,90.54,Mar
202503,T-014,974311.86,11192382.31,65.18,26.82,3.12,88.54,Mar
202503,T-015,829092.4,10308010.15,60.05,27.48,3.96,83.63,Mar
202503,T-016,914299.85,9961110.67,66.41,26.02,3.7,90.15,Mar
202503,T-017,938069.16,10667091.9,59.67,26.12,4.21,89.87,Mar
202503,T-018,965325.27,10463764.47,58,25.89,4.65,84.39,Mar
202503,T-019,916270.45,10128341.47,62.22,26.11,4.24,87.98,Mar
202503,T-020,932170.01,11179645.97,52.35,29.56,5.1,85.34,Mar
202504,T-001,846514.94,10312722.6,71.16,22.63,2.94,93.17,Apr
202504,T-002,859262.75,12333286.66,61.48,25.58,3.62,89.83,Apr
202504,T-003,909309.07,10845764.53,55.24,30.78,4.84,84.4,Apr
202504,T-004,843444.75,11273251.17,65.45,24.16,3.91,89.88,Apr
202504,T-005,995852.36,11134658.04,63.21,25.8,4.42,89.86,Apr
202504,T-006,1026592.27,9831596.3,66.07,25.98,3.6,91.54,Apr
202504,T-007,909861.31,10530152.16,55.7,29.45,4.66,82.6,Apr
202504,T-008,870985.26,12937680.34,54.93,30.7,4.53,87.43,Apr
202504,T-009,931709.93,10658860.11,79.39,21.61,3.08,93.62,Apr
202504,T-010,888130.42,9518704.3,67.78,25.31,3.25,91.34,Apr
202504,T-011,861364.3,10678191.03,62.09,25.61,4.46,88.29,Apr
202504,T-012,945917.87,11797438.47,59.33,26.69,4.89,91.42,Apr
202504,T-013,892263.84,11159824.1,67.52,23.69,2.96,87.63,Apr
202504,T-014,1000789.15,11640712.81,67.71,25.83,3.7,88.41,Apr
202504,T-015,940221.17,9951176.61,58.76,26.66,4.49,87.64,Apr
202504,T-016,813483.82,10251382.39,69.71,25.76,3.08,91.8,Apr
202504,T-017,1052741.81,9818784.76,59.59,27.3,4.22,88.76,Apr
202504,T-018,900818.9,8609747.88,61.3,27.73,4.38,87.11,Apr
202504,T-019,904741.94,9649596.89,63.92,27.59,4.17,86.57,Apr
202504,T-020,914185.41,11281986.91,51.43,34.17,4.95,84.28,Apr