report_id,report_name,domain,source_dataset_id,last_updated_ts,enterprise_flag,source_application,business_owner,description,primary_use_case,created_date,refresh_frequency,key_kpis,primary_dimensions,time_range_supported,top_insights,known_limitations,recommended_actions,related_reports,used_by_roles
RPT-CHURN-001,Customer Churn – Monthly Variation Analysis,Customer Experience,DS-002,2025-04-29T08:30:00Z,false,Tableau,Jennifer Martinez (Customer Analytics),Monthly churn rate variations across key customer segments,Monitor customer retention and identify churn risk factors,2024-10-15T00:00:00Z,Weekly,[object Object],[object Object],[object Object],Customer Segment,Region,Plan Type,Tenure Band,Last 24 Months,Churn rate declined 1.2pp YoY, now at its lowest in 18 months,Postpaid consumer segment shows highest retention at 97.3%,Month-3 and Month-6 are critical churn windows — intervention programs effective,Involuntary churn (payment failure) accounts for 31% of total churn,Excludes prepaid subscribers from churn calculations,30-day look-back window may lag actual cancellation intent,Deploy proactive outreach for subscribers flagged as at-risk in Month 3,Expand autopay incentive program — reduces involuntary churn by ~40%,Investigate churn spike in May 2024 cohort,[object Object],[object Object],Customer Success Manager,Marketing Director,VP Customer Experience
RPT-001,SU&G Performance Dashboard,Sales,DS-001,2025-04-29T06:00:00Z,false,Tableau,Sarah Johnson (Sales Analytics),Daily SU&G sales performance across all territories and device categories,Monitor SU&G sales performance across territories,2024-09-01T00:00:00Z,Daily,[object Object],[object Object],[object Object],Territory,Device Group,Outlet Type,Manufacturer,Last 6 Months,West Coast Premium leads with take rate of 71.3% — 9pp above national avg,iPhone 16 Pro drives 34% of SU&G revenue despite representing 18% of units,Flagship stores outperform express kiosks by 22pp on take rate,Run rate projected to exceed $13M target by Q2 close,Excludes third-party dealer channel (approx 12% of volume),RIS scores based on in-store tablet survey — response rate 78%,Accelerate training program in Great Plains and Jacksonville territories,Increase floor fixture allocation for wearables — highest margin category,Review staffing levels at underperforming express kiosk locations,[object Object],[object Object],[object Object],Sales Manager,Territory Director,VP Sales,Operations Manager
RPT-002,Customer Experience Metrics,Customer Experience,DS-002,2025-04-28T22:00:00Z,false,Looker,Michael Chen (CX Insights),Comprehensive customer experience KPIs including RIS, NPS, and satisfaction scores,Analyze customer feedback and RIS scores,2024-08-15T00:00:00Z,Daily,[object Object],[object Object],[object Object],Outlet,Customer Segment,Interaction Type,Agent,Last 30 Days,RIS scores improved 2.3pp — attributed to new in-store training rollout,NPS at 74 exceeds telecom industry benchmark of 68,Customers who purchase accessories score 12 pts higher on NPS,Survey response rate of 78% may introduce selection bias,NPS calculated on rolling 30-day basis — not quarterly snapshot,Expand accessory co-sell program — clear NPS correlation,Replicate Northeast Metro best practices across bottom quartile outlets,[object Object],[object Object],Customer Experience Manager,Store Manager,Regional VP
RPT-003,Territory Take Rate Analysis,Sales,DS-001,2025-04-29T07:15:00Z,false,Qlik,Sarah Johnson (Sales Analytics),Territory-level take rate analysis with trend, benchmark, and gap-to-target,Analyze take rate performance by territory,2024-09-15T00:00:00Z,Daily,[object Object],[object Object],[object Object],Territory,Market,Device Group,Month,Last 6 Months,West Coast Premium at 71.3% — leads nationally for 4th consecutive month,Jacksonville and Ohio Valley are persistent laggards — shared staffing issues,Austin showing fastest improvement: +8.2pp over 3 months,Territory boundaries redrawn in Feb 2025 — YoY comps may be affected,Pair Jacksonville with West Coast field coaching team,Set Austin as internal benchmark for rapid improvement programs,[object Object],[object Object],Territory Director,Sales Manager,Regional VP
RPT-004,Returns & AARD Deep Dive,Operations,DS-003,2025-04-27T18:00:00Z,true,Qlik,Jessica Martinez (Operations),Detailed analysis of device returns and all-accessory return-and-damage rates,Analyze returns and AARD rates to reduce operational losses,2024-07-01T00:00:00Z,Daily,[object Object],[object Object],[object Object],Territory,Device Group,Return Reason,Outlet Type,Last 6 Months,Return rate declined 0.6pp — best figure in 14 months,"Changed mind" returns represent 44% of volume — policy review warranted,Tablets have 2.1x higher return rate than phones in SMB segment,AARD rate calculated on 30-day rolling basis,Excludes warranty replacements from return count,Introduce 24-hour satisfaction call for tablet purchasers in SMB,Enforce minimum accessory demo protocol to reduce "changed mind" returns,[object Object],[object Object],Operations Manager,Finance Director,VP Operations
RPT-005,Outlet Performance Scorecard,Sales,DS-001,2025-04-28T23:30:00Z,false,Tableau,Sarah Johnson (Sales Analytics),Outlet-level scorecard with composite performance ranking across key metrics,Evaluate and rank outlet performance on a composite basis,2024-10-01T00:00:00Z,Daily,[object Object],[object Object],[object Object],Outlet,Territory,Outlet Type,Staff Tenure,Last 3 Months,Manhattan Flagship ranks #1 nationally — 76.4% take rate, 94% RIS,Express kiosks show 18pp gap vs. corporate stores on composite score,Staff tenure >12 months correlates with +11pp take rate vs. newer reps,Scorecard weights not reviewed since Q3 2024 — may not reflect current priorities,Initiate mentorship pairing between top and bottom quartile stores,Review kiosk incentive structure — current model may not reward quality,[object Object],[object Object],Store Manager,Territory Director,District Manager
RPT-006,Market Segmentation Analysis,Strategy,DS-004,2025-04-25T12:00:00Z,true,Looker,Robert Lee (Strategy & Planning),Market segment share, penetration, and revenue trends across consumer and B2B verticals,Analyze market segmentation and performance for strategic planning,2024-06-01T00:00:00Z,Weekly,[object Object],[object Object],[object Object],Market Segment,Territory,Device Category,Customer Tenure,Last 12 Months,Enterprise segment growing fastest at +21% YoY — now 42% of total revenue,SMB digital sub-segment outpacing traditional SMB by 3x growth rate,Consumer Premium segment showing signs of saturation — growth slowing,Segment classification based on billing account type — may misclassify some soho accounts,Redirect SMB traditional resources to SMB digital — higher growth and margin,Pilot enterprise-focused flagship concept in 3 markets,[object Object],[object Object],Strategy Manager,CMO,VP Business Development
RPT-007,Revenue Forecasting Model,Finance,DS-005,2025-04-26T20:00:00Z,true,Qlik,David Thompson (Finance),Statistical revenue forecast using actuals, trends, and seasonal adjustments,Forecast revenue based on current sales trends and planned initiatives,2024-05-01T00:00:00Z,Daily,[object Object],[object Object],[object Object],Fiscal Period,Business Unit,Product Category,Channel,Current FY + 12-Month Outlook,FY actuals tracking 2.3% above forecast — Q3 acceleration key driver,Variance narrowed to $3.4M — improved forecast accuracy vs. prior year,Device upgrade cycle expected to add $8-12M upside in H2,Model excludes impact of unannounced competitive moves,Seasonal factors calibrated on pre-pandemic data — may need recalibration,Update seasonal factors with 2023-2024 actual data,Incorporate device upgrade cohort model into Q3 forecast,[object Object],[object Object],CFO,Finance Director,VP Sales Planning
RPT-008,Financial P&L Summary,Finance,DS-005,2025-04-28T16:00:00Z,true,Tableau,David Thompson (Finance),Monthly and quarterly P&L with cost center breakdown and margin analysis,Review financial performance and cost management across business units,2024-04-01T00:00:00Z,Daily,[object Object],[object Object],[object Object],Cost Center,Business Unit,GL Account,Month,Last 12 Months + YTD,Gross margin expanded 1.4pp — device mix shift toward premium SKUs,OpEx 2.6% under budget YTD — cost discipline program delivering results,EBITDA at $18.7M represents best quarterly result in company history,Does not include intercompany eliminations — consolidated view only in ERP,Reinvest $2M of OpEx savings into growth marketing to sustain momentum,Review high-variance cost centers for budget accuracy,[object Object],CFO,Controller,Finance Business Partner,Board Audit Committee
RPT-009,Network Quality KPI Dashboard,Network,DS-006,2025-04-29T05:00:00Z,true,Looker,Alex Rivera (Network Operations),Real-time network quality KPIs including CQI, RSRP, SINR across 75 sites,Monitor network health and prioritize remediation,2024-11-01T00:00:00Z,Hourly,[object Object],[object Object],[object Object],Site,Region,Network Type,Time of Day,Last 7 Days (Hourly),Critical site count down from 13 to 8 — remediation program effective,SINR degradation correlated with rain events in Southeast — antenna maintenance needed,West region leads on average CQI at 11.8,Excludes small cells and DAS nodes — in-building quality not captured,Prioritize antenna recalibration for 3 sites in Southeast with chronic SINR issues,Deploy in-building DAS at top 5 venues by subscriber density,,Network Engineer,NOC Manager,CTO,VP Network
RPT-010,NPS & Satisfaction Trends,Customer Experience,DS-002,2025-04-29T09:00:00Z,false,Tableau,Michael Chen (CX Insights),NPS and CSAT trends by segment, outlet, and interaction type,Track satisfaction trends and identify drivers of promoter and detractor behavior,2024-08-01T00:00:00Z,Weekly,[object Object],[object Object],[object Object],Customer Segment,Outlet,Interaction Type,Month,Last 12 Months,NPS at 74 — best score on record; +3 pts vs prior year,In-store upgrade interactions drive highest NPS (81) vs. all other types,Detractor volume down 2.4pp — key driver is reduced wait time,Survey sent 24h post-interaction — may not capture delayed satisfaction,Publish NPS leaderboard by outlet to drive store-level accountability,A/B test post-interaction digital follow-up to boost response rate,[object Object],[object Object],VP Customer Experience,Marketing Director,Store Manager
RPT-011,Contact Center Performance,Operations,DS-007,2025-04-29T04:00:00Z,true,Qlik,Jessica Martinez (Operations),Agent-level and team-level contact center metrics including AHT, box close, and sales time,Monitor and improve contact center agent performance,2024-07-15T00:00:00Z,Daily,[object Object],[object Object],[object Object],Agent,Team,Territory,Time Period,Last 30 Days,AHT improved 28s following script optimization — $480K annualized savings,Retention team leads all teams on box close at 91.2%,4 agents flagged as at-risk — 2 in New Accounts team,AHT includes hold time — net talk time metric not yet available,Pair at-risk agents with top performers from retention team,Roll out updated objection handling scripts to all teams,[object Object],Contact Center Director,Team Lead,Workforce Manager,COO
RPT-012,Device Inventory & Aging Report,Operations,DS-008,2025-04-28T20:00:00Z,false,Tableau,Jessica Martinez (Operations),Current inventory levels, aging brackets, and reorder status by outlet and device,Ensure optimal inventory levels to prevent stockouts and excess,2024-09-15T00:00:00Z,Daily,[object Object],[object Object],[object Object],Outlet,Device,Aging Bracket,Territory,Current + Last 30 Days,Stockout risk outlets reduced by 5 — auto-replenishment model working,Galaxy Z Fold 6 has highest aging — demand weaker than forecast,Flagship stores maintain 4.2-day coverage vs. 2.8-day avg for kiosks,Does not reflect in-transit inventory — lead times vary 3-7 days,Transfer 300 units of Galaxy Z Fold 6 from low-velocity to high-velocity outlets,Reduce Z Fold 6 auto-replenishment trigger by 40% until demand recovers,[object Object],Supply Chain Manager,Store Manager,Operations Director
RPT-013,Employee Engagement Index,People & Culture,DS-009,2025-04-15T00:00:00Z,true,Looker,Lisa Park (People Analytics),Quarterly employee engagement survey results with eNPS, retention risk, and manager effectiveness scores,Track workforce health and identify retention risks early,2024-01-01T00:00:00Z,Quarterly,[object Object],[object Object],[object Object],Department,Manager,Tenure Band,Location,Last 4 Quarters,eNPS at 48 — highest in 3 years; flexible work policy cited most often,Flight risk down 3.5pp — compensation adjustment program effective,New managers (tenure <6mo) score lowest on effectiveness — coaching opportunity,Survey response rate 71% — may not represent full population,Mandate manager effectiveness coaching for anyone scoring below 70%,Expand flexible work options to field retail roles,,CHRO,People Business Partner,VP Talent,CEO
RPT-014,Accessory Attach Rate Tracker,Sales,DS-001,2025-04-29T07:00:00Z,false,Tableau,Sarah Johnson (Sales Analytics),Accessory attach rates by device category, outlet, and rep with revenue impact,Maximize accessory revenue per device sold,2024-10-15T00:00:00Z,Daily,[object Object],[object Object],[object Object],Outlet,Device Category,Accessory Type,Rep,Last 6 Months,Cases/screen protectors bundled at point of sale drive 28% higher NPS,Tablet buyers have lowest attach rate at 61% — largest opportunity,Reps completing accessory certification earn 18% higher attach rates,Only captures in-store accessory sales — online and app purchases excluded,Require accessory certification for all new hires within 30 days,Launch tablet accessory bundle promotion at 15 lowest-performing stores,[object Object],[object Object],Sales Manager,Merchandising Director,VP Sales,Store Manager